situationKey,situationCateKey,headline1,headline2,mainKeyword
8211022,7771111,한 해의 피로를 풀며,새해를 맞이하는 방법,새해
8211023,7771112,따뜻한 겨울을 보내는 방법,가족과 함께 특별한 시간을 보내요,가족과
8211024,7771112,친구들과의 연말 추억,함께하는 소소한 파티,소소한 파티
8211025,7771113,따뜻한 집콕,나만의 시간을 즐겨요,나만의 시간
8211026,7771114,새해 다짐,나를 위한 새 출발,나를 위한
8211027,7771115,연말 선물,소중한 사람을 위한 특별한 마음,소중한 사람
8211028,7771116,한 해를 돌아보며,나를 위한 작은 선물,나를 위한
8211029,7771117,겨울철 피부 보습 관리로,건강한 피부 유지,건강한 피부
8211030,7771118,추운 겨울은 이제 안녕,따뜻한 겨울을 보내는 방법,따뜻한 겨울
8211031,7771119,겨울철 건강 관리,나를 위한 면역력 강화,면역력 강화
8211032,7771118,따뜻한 겨울을 보내며,나만의 시간을 따뜻하게 만드는 방법,나만의 시간
8211033,7771120,건강한 새해를 시작하며,몸과 마음을 돌보는 홈 케어,홈 케어
8211034,7771121,집이 최고야,집을 꾸미며 소소한 행복을 느껴보세요,집을 꾸미며
8211035,7771122,나를 위한 소소한 투자,하루의 피로를 녹여주는 필수템,하루의 피로
8211036,7771123,특별한 겨울 인테리어,나만의 공간을 꾸며보세요,나만의 공간
8211037,7771124,스마트 라이프 시작,나만의 운동 루틴 완성,운동 루틴
8211038,7771125,크리스마스를 준비하며,모두가 행복한 시간을 위한 아이템,모두가 행복한 시간
8211039,7771125,사랑이 가득한 크리스마스,마음을 담아 선물해보세요,마음
8211040,7771126,크리스마스 홈파티 준비,모두가 즐길 수 있는 따뜻한 홈파티,홈파티
8211041,7771127,겨울밤의 빛나는 순간,따뜻한 조명으로 집을 밝혀보세요,따뜻한 조명
8211042,7771128,가족과 함께 하는 크리스마스,따뜻한 담요와 함께 소소한 시간을 즐기세요,따뜻한 담요
8211043,7771129,크리스마스 추억 만들기,소중한 순간을 사진으로 남겨보세요,사진으로
8211044,7771130,새해의 시작을 위한 준비,따뜻한 마음을 담은 특별한 크리스마스 선물,크리스마스 선물
8211045,7771131,반짝이는 크리스마스,빛과 향기로 가득한 집을 만들어보세요,빛과 향기
8211046,7771132,꿈꾸는 겨울밤,나만의 휴식 공간에서 특별한 크리스마스를,나만의 휴식 공간
8211047,7771133,아이들과 함께 만드는 추억,온 가족이 즐길 수 있는 크리스마스 활동,온 가족
8211048,7771125,크리스마스 아침,사랑하는 사람들과의 특별한 순간,사랑하는 사람들
8211049,7771134,크리스마스의 설렘,따뜻한 장식으로 공간을 꾸며보세요,장식
8211050,7771135,소중한 사람과 함께하는 연말,크리스마스를 더 특별하게 만들어보세요,특별하게
8211051,7771127,반짝이는 크리스마스 밤,조명으로 연말 분위기를 완성하세요,조명
8211052,7771132,크리스마스 힐링 타임,향기로운 공간에서 하루를 마무리하세요,향기로운
8211053,7771126,특별한 홈파티 준비,크리스마스 저녁을 빛낼 아이템,저녁
8211054,7771137,따뜻한 연말 선물,마음을 담은 작은 선물로 감동을 전하세요,작은 선물
8211055,7771129,행복한 추억 만들기,크리스마스 분위기를 사진으로 담아보세요,사진으로
8211056,7771128,나만의 겨울 밤,포근한 공간에서 따뜻한 휴식을 즐기세요,포근한 공간
8211057,7771138,크리스마스를 기다리며,가족과 함께 즐기는 소소한 시간,가족과 함께
8211058,7771133,아이들을 위한 특별한 순간,재미있는 크리스마스 활동을 준비하세요,활동
